row_index,membership_probability,description,baseline_comparison,proto,service,state,label,attack_cat,dur,spkts,dpkts,sbytes,dbytes,rate,sttl,dttl,ct_src_dport_ltm,ct_dst_ltm,ct_dst_src_ltm,tcprtt,synack,ackdat
7,0.0,"unusually high source TTL; strongly source-heavy byte imbalance. Context: protocol=mhrp, service=-, state=int",byte_ratio_sd is higher than clustered baseline; state_int is higher than clustered baseline; service_- is higher than clustered baseline,mhrp,-,INT,1,Exploits,9e-06,2,0,200,0,111111.1072,254,0,1,2,2,0.0,0.0,0.0
14,0.0,"unusually high source TTL; strongly source-heavy byte imbalance. Context: protocol=vmtp, service=-, state=int",byte_ratio_sd is higher than clustered baseline; state_int is higher than clustered baseline; service_- is higher than clustered baseline,vmtp,-,INT,1,Exploits,9e-06,2,0,200,0,111111.1072,254,0,2,2,4,0.0,0.0,0.0
16,0.0,"strongly source-heavy byte imbalance. Context: protocol=arp, service=-, state=int",sinpkt is higher than clustered baseline; sload is lower than clustered baseline; sttl is lower than clustered baseline,arp,-,INT,0,Normal,0.0,1,0,46,0,0.0,0,0,2,2,2,0.0,0.0,0.0
21,0.0,"unusually high destination TTL; strongly destination-heavy byte imbalance. Context: protocol=tcp, service=http, state=fin",dmean is higher than clustered baseline; dloss is higher than clustered baseline; trans_depth is higher than clustered baseline,tcp,http,FIN,0,Normal,0.868966,30,146,1744,185922,201.388781,62,252,1,1,1,0.07032,0.019777,0.050543
24,0.0,"isolated anomaly outside dense traffic clusters; no single dominant behavioral feature. Context: protocol=tcp, service=http, state=fin",dur is higher than clustered baseline; trans_depth is higher than clustered baseline; sinpkt is higher than clustered baseline,tcp,http,FIN,0,Normal,7.922174,8,10,1052,824,2.145876,31,29,5,13,2,0.000715,0.000574,0.000141
26,0.0,"unusually long-lived connection; unusually high source TTL; unusually high destination TTL. Context: protocol=tcp, service=-, state=fin",dur is higher than clustered baseline; sinpkt is higher than clustered baseline; dinpkt is higher than clustered baseline,tcp,-,FIN,0,Normal,58.814648,20,20,1216,1292,0.6631,254,252,1,1,3,0.11593,0.060964,0.054966
31,0.0,"extremely high destination-byte volume; very high source packet count; very high destination packet count; strongly destination-heavy byte imbalance. Context: protocol=tcp, service=-, state=fin",dur is higher than clustered baseline; dloss is higher than clustered baseline; dmean is higher than clustered baseline,tcp,-,FIN,0,Normal,6.718137,276,512,15740,645754,117.145575,31,29,2,2,6,0.000587,0.000466,0.000121
37,0.0,"unusually high source TTL; strongly source-heavy byte imbalance. Context: protocol=ddp, service=-, state=int",byte_ratio_sd is higher than clustered baseline; state_int is higher than clustered baseline; service_- is higher than clustered baseline,ddp,-,INT,1,Exploits,8e-06,2,0,200,0,125000.0003,254,0,1,1,4,0.0,0.0,0.0
44,0.0,"isolated anomaly outside dense traffic clusters; no single dominant behavioral feature. Context: protocol=tcp, service=http, state=fin",trans_depth is higher than clustered baseline; service_http is higher than clustered baseline; response_body_len is higher than clustered baseline,tcp,http,FIN,0,Normal,0.003998,8,10,1052,824,4252.125877,31,29,1,1,1,0.000693,0.000553,0.00014
51,0.0,"unusually high source TTL; strongly source-heavy byte imbalance. Context: protocol=ipv6-no, service=-, state=int",byte_ratio_sd is higher than clustered baseline; state_int is higher than clustered baseline; service_- is higher than clustered baseline,ipv6-no,-,INT,1,DoS,3e-06,2,0,200,0,333333.3215,254,0,2,2,6,0.0,0.0,0.0
52,0.0,"unusually high source TTL; strongly source-heavy byte imbalance. Context: protocol=udp, service=-, state=int",smean is higher than clustered baseline; sbytes_per_pkt is higher than clustered baseline; byte_ratio_sd is higher than clustered baseline,udp,-,INT,0,Normal,4e-06,2,0,2036,0,250000.0006,254,0,2,2,7,0.0,0.0,0.0
53,0.0,"unusually high source TTL; strongly source-heavy byte imbalance. Context: protocol=pri-enc, service=-, state=int",byte_ratio_sd is higher than clustered baseline; state_int is higher than clustered baseline; service_- is higher than clustered baseline,pri-enc,-,INT,1,DoS,9e-06,2,0,200,0,111111.1072,254,0,3,3,5,0.0,0.0,0.0
54,0.0,"unusually high source TTL; strongly source-heavy byte imbalance. Context: protocol=tcp, service=-, state=req",dur is higher than clustered baseline; pkt_ratio_sd is higher than clustered baseline; sinpkt is higher than clustered baseline,tcp,-,REQ,0,Normal,11.666516,8,0,360,0,0.600008,254,0,1,10,18,0.0,0.0,0.0
55,0.0,"unusually high source TTL; strongly source-heavy packet imbalance; strongly source-heavy byte imbalance. Context: protocol=tcp, service=-, state=req",dur is higher than clustered baseline; pkt_ratio_sd is higher than clustered baseline; sinpkt is higher than clustered baseline,tcp,-,REQ,0,Normal,9.859676,12,0,540,0,1.115655,254,0,2,12,11,0.0,0.0,0.0
58,0.0,"extremely high destination-byte volume; very high source packet count; very high destination packet count; strongly destination-heavy byte imbalance. Context: protocol=tcp, service=-, state=fin",dur is higher than clustered baseline; dloss is higher than clustered baseline; dmean is higher than clustered baseline,tcp,-,FIN,0,Normal,13.671029,244,438,13974,548216,49.813368,31,29,2,3,2,0.001211,0.001058,0.000153
63,0.0,"unusually high destination TTL; abnormally high TCP round-trip timing; slow SYN-ACK timing; slow ACK/data timing; strongly source-heavy byte imbalance. Context: protocol=tcp, service=-, state=con",synack is higher than clustered baseline; tcprtt is higher than clustered baseline; ackdat is higher than clustered baseline,tcp,-,CON,0,Normal,0.415321,6,2,986,86,16.854433,62,252,2,2,4,0.379995,0.227951,0.152044
71,0.0,"unusually high source TTL; strongly source-heavy packet imbalance; strongly source-heavy byte imbalance. Context: protocol=ospf, service=-, state=int",pkt_ratio_sd is higher than clustered baseline; dur is higher than clustered baseline; byte_ratio_sd is higher than clustered baseline,ospf,-,INT,1,Fuzzers,5.052801,42,0,2688,0,8.114311,254,0,1,1,1,0.0,0.0,0.0
75,0.0,"strongly source-heavy byte imbalance. Context: protocol=arp, service=-, state=int",sinpkt is higher than clustered baseline; sload is lower than clustered baseline; sttl is lower than clustered baseline,arp,-,INT,0,Normal,0.0,1,0,46,0,0.0,0,0,2,2,2,0.0,0.0,0.0
76,0.0,"unusually high source TTL; strongly source-heavy byte imbalance. Context: protocol=any, service=-, state=int",byte_ratio_sd is higher than clustered baseline; state_int is higher than clustered baseline; service_- is higher than clustered baseline,any,-,INT,1,Exploits,9e-06,2,0,200,0,111111.1072,254,0,3,4,16,0.0,0.0,0.0
79,0.0,"strongly source-heavy byte imbalance. Context: protocol=arp, service=-, state=int",sinpkt is higher than clustered baseline; sload is lower than clustered baseline; sttl is lower than clustered baseline,arp,-,INT,0,Normal,0.0,1,0,46,0,0.0,0,0,2,2,2,0.0,0.0,0.0
84,0.0,"extremely high destination-byte volume; very high source packet count; very high destination packet count; strongly destination-heavy byte imbalance. Context: protocol=tcp, service=http, state=fin",response_body_len is higher than clustered baseline; dmean is higher than clustered baseline; dloss is higher than clustered baseline,tcp,http,FIN,0,Normal,4.983905,364,746,19410,1087890,222.516287,31,29,1,2,2,0.000657,0.00053,0.000127
89,0.0,"unusually high source TTL; strongly source-heavy byte imbalance. Context: protocol=vmtp, service=-, state=int",byte_ratio_sd is higher than clustered baseline; state_int is higher than clustered baseline; service_- is higher than clustered baseline,vmtp,-,INT,1,Analysis,9e-06,2,0,200,0,111111.1072,254,0,5,6,17,0.0,0.0,0.0
98,0.0,"strongly source-heavy byte imbalance. Context: protocol=arp, service=-, state=int",sinpkt is higher than clustered baseline; sload is lower than clustered baseline; sttl is lower than clustered baseline,arp,-,INT,0,Normal,0.0,1,0,46,0,0.0,0,0,2,2,2,0.0,0.0,0.0
102,0.0,"unusually high source TTL; strongly source-heavy byte imbalance. Context: protocol=visa, service=-, state=int",byte_ratio_sd is higher than clustered baseline; state_int is higher than clustered baseline; service_- is higher than clustered baseline,visa,-,INT,1,Exploits,4e-06,2,0,200,0,250000.0006,254,0,3,3,7,0.0,0.0,0.0
104,0.0,"unusually high destination TTL; strongly destination-heavy byte imbalance. Context: protocol=tcp, service=-, state=fin",djit is higher than clustered baseline; dtcpb is higher than clustered baseline; dloss is higher than clustered baseline,tcp,-,FIN,1,Exploits,0.944215,18,24,1004,12226,43.422314,62,252,1,1,1,0.123386,0.064746,0.05864
106,0.0,"unusually high source TTL; strongly source-heavy byte imbalance. Context: protocol=sep, service=-, state=int",state_int is higher than clustered baseline; service_- is higher than clustered baseline; dbytes_per_pkt is lower than clustered baseline,sep,-,INT,1,Exploits,9e-06,2,0,104,0,111111.1072,254,0,1,1,1,0.0,0.0,0.0
111,0.0,"unusually high source TTL. Context: protocol=sctp, service=-, state=con",dur is higher than clustered baseline; state_con is higher than clustered baseline; sinpkt is higher than clustered baseline,sctp,-,CON,1,Fuzzers,3.303271,4,4,840,880,2.119112,254,60,1,1,1,0.0,0.0,0.0
122,0.0,"unusually high source TTL. Context: protocol=udp, service=-, state=con",state_con is higher than clustered baseline; dmean is higher than clustered baseline; smean is higher than clustered baseline,udp,-,CON,1,DoS,0.224355,4,2,2130,1518,22.286109,254,60,1,1,1,0.0,0.0,0.0
129,0.0,"unusually high source TTL; strongly source-heavy byte imbalance. Context: protocol=visa, service=-, state=int",byte_ratio_sd is higher than clustered baseline; state_int is higher than clustered baseline; service_- is higher than clustered baseline,visa,-,INT,1,DoS,4e-06,2,0,200,0,250000.0006,254,0,3,3,7,0.0,0.0,0.0
131,0.0,"unusually high destination TTL; strongly destination-heavy byte imbalance. Context: protocol=tcp, service=-, state=fin",ackdat is higher than clustered baseline; dmean is higher than clustered baseline; tcprtt is higher than clustered baseline,tcp,-,FIN,1,Exploits,2.325358,22,44,1176,40006,27.952686,62,252,1,1,1,0.218884,0.085492,0.133392
144,0.0,"extremely high source-byte volume; very high source packet count; unusually high source TTL; unusually high destination TTL; slow SYN-ACK timing; strongly source-heavy byte imbalance. Context: protocol=tcp, service=-, state=fin",smean is higher than clustered baseline; sloss is higher than clustered baseline; synack is higher than clustered baseline,tcp,-,FIN,1,Fuzzers,2.350397,160,28,199639,1214,79.561024,254,252,1,1,1,0.244699,0.16481,0.079889
155,0.0,"unusually high source TTL; unusually high destination TTL; strongly source-heavy byte imbalance. Context: protocol=tcp, service=-, state=fin",smean is higher than clustered baseline; sloss is higher than clustered baseline; sbytes is higher than clustered baseline,tcp,-,FIN,1,Fuzzers,0.642225,32,14,30082,764,70.068898,254,252,2,2,5,0.106732,0.051765,0.054967
165,0.0,"unusually high source TTL; strongly source-heavy byte imbalance. Context: protocol=wb-mon, service=-, state=int",byte_ratio_sd is higher than clustered baseline; state_int is higher than clustered baseline; service_- is higher than clustered baseline,wb-mon,-,INT,1,Exploits,1e-05,2,0,200,0,100000.0025,254,0,2,2,4,0.0,0.0,0.0
169,0.0,"isolated anomaly outside dense traffic clusters; no single dominant behavioral feature. Context: protocol=tcp, service=ssh, state=fin",sloss is higher than clustered baseline; sttl is lower than clustered baseline; dloss is higher than clustered baseline,tcp,ssh,FIN,0,Normal,0.226816,32,24,3728,5474,242.487304,31,29,1,1,3,0.000702,0.00056,0.000142
172,0.0,"strongly source-heavy byte imbalance. Context: protocol=arp, service=-, state=int",sinpkt is higher than clustered baseline; sload is lower than clustered baseline; sttl is lower than clustered baseline,arp,-,INT,0,Normal,0.0,1,0,46,0,0.0,0,0,1,1,1,0.0,0.0,0.0
180,0.0,"unusually high destination TTL; strongly destination-heavy byte imbalance. Context: protocol=tcp, service=pop3, state=fin",dmean is higher than clustered baseline; ackdat is higher than clustered baseline; tcprtt is higher than clustered baseline,tcp,pop3,FIN,1,Exploits,2.067376,26,66,1206,65472,44.017152,62,252,1,1,1,0.25224,0.119003,0.133237
183,0.0,"unusually high source TTL; strongly source-heavy byte imbalance. Context: protocol=irtp, service=-, state=int",byte_ratio_sd is higher than clustered baseline; state_int is higher than clustered baseline; service_- is higher than clustered baseline,irtp,-,INT,1,Exploits,8e-06,2,0,200,0,125000.0003,254,0,1,1,7,0.0,0.0,0.0
186,0.0,"unusually long-lived connection; unusually high source TTL; strongly source-heavy packet imbalance; strongly source-heavy byte imbalance. Context: protocol=ospf, service=-, state=req",dur is higher than clustered baseline; pkt_ratio_sd is higher than clustered baseline; byte_ratio_sd is higher than clustered baseline,ospf,-,REQ,1,Reconnaissance,57.889004,60,0,16320,0,1.019192,254,0,1,1,1,0.0,0.0,0.0
197,0.0,"isolated anomaly outside dense traffic clusters; no single dominant behavioral feature. Context: protocol=tcp, service=ssh, state=fin",sloss is higher than clustered baseline; sttl is lower than clustered baseline; dloss is higher than clustered baseline,tcp,ssh,FIN,0,Normal,0.005924,32,24,3728,5474,9284.267482,31,29,1,6,1,0.000679,0.000566,0.000113
200,0.0,"unusually high destination TTL; strongly source-heavy byte imbalance. Context: protocol=tcp, service=-, state=con",state_con is higher than clustered baseline; synack is higher than clustered baseline; tcprtt is higher than clustered baseline,tcp,-,CON,0,Normal,0.282777,6,2,986,86,24.754488,62,252,3,7,9,0.247786,0.137459,0.110327
213,0.0,"unusually high source TTL; strongly source-heavy byte imbalance. Context: protocol=sat-expak, service=-, state=int",byte_ratio_sd is higher than clustered baseline; state_int is higher than clustered baseline; service_- is higher than clustered baseline,sat-expak,-,INT,1,DoS,9e-06,2,0,200,0,111111.1072,254,0,2,3,13,0.0,0.0,0.0
227,0.0,"unusually high source TTL; strongly source-heavy byte imbalance. Context: protocol=sprite-rpc, service=-, state=int",byte_ratio_sd is higher than clustered baseline; state_int is higher than clustered baseline; service_- is higher than clustered baseline,sprite-rpc,-,INT,1,Backdoor,9e-06,2,0,200,0,111111.1072,254,0,2,2,4,0.0,0.0,0.0
230,0.0,"unusually high source TTL; strongly source-heavy byte imbalance. Context: protocol=iso-ip, service=-, state=int",byte_ratio_sd is higher than clustered baseline; state_int is higher than clustered baseline; service_- is higher than clustered baseline,iso-ip,-,INT,1,DoS,9e-06,2,0,200,0,111111.1072,254,0,2,2,4,0.0,0.0,0.0
232,0.0,"unusually high source TTL; strongly source-heavy byte imbalance. Context: protocol=crudp, service=-, state=int",byte_ratio_sd is higher than clustered baseline; state_int is higher than clustered baseline; service_- is higher than clustered baseline,crudp,-,INT,1,DoS,4e-06,2,0,200,0,250000.0006,254,0,5,6,17,0.0,0.0,0.0
235,0.0,"isolated anomaly outside dense traffic clusters; no single dominant behavioral feature. Context: protocol=tcp, service=ssh, state=fin",stcpb is higher than clustered baseline; dtcpb is higher than clustered baseline; sloss is higher than clustered baseline,tcp,ssh,FIN,0,Normal,0.007968,32,26,3728,5578,7153.614335,31,29,1,4,2,0.001323,0.001166,0.000157
240,0.0,"isolated anomaly outside dense traffic clusters; no single dominant behavioral feature. Context: protocol=tcp, service=ssh, state=fin",dtcpb is higher than clustered baseline; sloss is higher than clustered baseline; sttl is lower than clustered baseline,tcp,ssh,FIN,0,Normal,0.333839,32,24,3728,5474,164.750074,31,29,1,2,5,0.000753,0.000625,0.000128
253,0.0,"unusually high source TTL; strongly source-heavy byte imbalance. Context: protocol=3pc, service=-, state=int",byte_ratio_sd is higher than clustered baseline; state_int is higher than clustered baseline; service_- is higher than clustered baseline,3pc,-,INT,1,Exploits,8e-06,2,0,200,0,125000.0003,254,0,1,1,4,0.0,0.0,0.0
254,0.0,"unusually long-lived connection; unusually high source TTL; strongly source-heavy byte imbalance. Context: protocol=udp, service=-, state=int",dur is higher than clustered baseline; sinpkt is higher than clustered baseline; pkt_ratio_sd is higher than clustered baseline,udp,-,INT,1,Fuzzers,54.847008,4,0,2128,0,0.054698,254,0,1,2,2,0.0,0.0,0.0
256,0.0,"unusually high source TTL. Context: protocol=sctp, service=-, state=con",state_con is higher than clustered baseline; sinpkt is higher than clustered baseline; service_- is higher than clustered baseline,sctp,-,CON,1,Exploits,1.227135,4,2,568,432,4.074532,254,60,2,2,2,0.0,0.0,0.0
262,0.0,"unusually high destination TTL; abnormally high TCP round-trip timing; slow SYN-ACK timing; slow ACK/data timing; strongly source-heavy byte imbalance. Context: protocol=tcp, service=-, state=con",synack is higher than clustered baseline; tcprtt is higher than clustered baseline; ackdat is higher than clustered baseline,tcp,-,CON,0,Normal,1.083437,6,2,978,86,6.46092,62,252,1,1,1,0.668894,0.394864,0.27403
265,0.0,"very high traffic rate; unusually high source TTL; strongly source-heavy byte imbalance. Context: protocol=nvp, service=-, state=int",state_int is higher than clustered baseline; service_- is higher than clustered baseline; byte_ratio_sd is higher than clustered baseline,nvp,-,INT,1,Analysis,1e-06,2,0,180,0,1000000.003,254,0,8,9,10,0.0,0.0,0.0
267,0.0,"unusually high destination TTL; strongly destination-heavy byte imbalance. Context: protocol=tcp, service=pop3, state=fin",dmean is higher than clustered baseline; dur is higher than clustered baseline; dloss is higher than clustered baseline,tcp,pop3,FIN,1,DoS,3.555648,28,76,1296,77950,28.967996,62,252,1,1,1,0.160809,0.102923,0.057886
278,0.0,"unusually high destination TTL; strongly source-heavy byte imbalance. Context: protocol=tcp, service=-, state=con",state_con is higher than clustered baseline; synack is higher than clustered baseline; stcpb is higher than clustered baseline,tcp,-,CON,0,Normal,0.193769,6,2,986,86,36.125491,62,252,4,4,10,0.171343,0.120903,0.05044
281,0.0,"very high traffic rate; unusually high source TTL; strongly source-heavy byte imbalance. Context: protocol=vmtp, service=-, state=int",byte_ratio_sd is higher than clustered baseline; state_int is higher than clustered baseline; service_- is higher than clustered baseline,vmtp,-,INT,1,DoS,1e-06,2,0,200,0,1000000.003,254,0,2,2,4,0.0,0.0,0.0
289,0.0,"unusually high source TTL; unusually high destination TTL; abnormally high TCP round-trip timing; slow ACK/data timing. Context: protocol=tcp, service=smtp, state=fin",service_smtp is higher than clustered baseline; ackdat is higher than clustered baseline; tcprtt is higher than clustered baseline,tcp,smtp,FIN,1,Exploits,1.007628,12,10,946,832,20.841025,254,252,1,2,1,0.279805,0.128096,0.151709
290,0.0,"unusually high destination TTL; abnormally high TCP round-trip timing; slow SYN-ACK timing; slow ACK/data timing. Context: protocol=tcp, service=ftp-data, state=fin",tcprtt is higher than clustered baseline; ackdat is higher than clustered baseline; synack is higher than clustered baseline,tcp,ftp-data,FIN,1,Exploits,2.463054,8,8,364,1534,6.090001,62,252,1,3,4,0.628405,0.327668,0.300737
295,0.0,"unusually high source TTL; strongly source-heavy byte imbalance. Context: protocol=sep, service=-, state=int",byte_ratio_sd is higher than clustered baseline; state_int is higher than clustered baseline; service_- is higher than clustered baseline,sep,-,INT,1,Exploits,9e-06,2,0,200,0,111111.1072,254,0,1,1,6,0.0,0.0,0.0
300,0.0,"unusually high source TTL; strongly source-heavy byte imbalance. Context: protocol=pim, service=-, state=int",byte_ratio_sd is higher than clustered baseline; state_int is higher than clustered baseline; service_- is higher than clustered baseline,pim,-,INT,1,Exploits,6e-06,2,0,200,0,166666.6608,254,0,2,3,8,0.0,0.0,0.0
303,0.0,"unusually long-lived connection; unusually high source TTL; strongly source-heavy packet imbalance; strongly source-heavy byte imbalance. Context: protocol=ospf, service=-, state=req",dur is higher than clustered baseline; pkt_ratio_sd is higher than clustered baseline; byte_ratio_sd is higher than clustered baseline,ospf,-,REQ,1,Reconnaissance,59.49836,74,0,20128,0,1.226925,254,0,1,1,1,0.0,0.0,0.0
307,0.0,"strongly source-heavy byte imbalance. Context: protocol=sun-nd, service=-, state=int",sload is lower than clustered baseline; sttl is lower than clustered baseline; rate is lower than clustered baseline,sun-nd,-,INT,1,Exploits,1e-05,1,0,60,0,0.0,0,0,1,1,2,0.0,0.0,0.0
309,0.0,"unusually high source TTL; unusually high destination TTL; strongly source-heavy byte imbalance. Context: protocol=tcp, service=http, state=fin",smean is higher than clustered baseline; trans_depth is higher than clustered baseline; service_http is higher than clustered baseline,tcp,http,FIN,1,Exploits,0.325071,38,10,40238,440,144.583795,254,252,1,1,1,0.057894,0.009708,0.048186
312,0.0,"unusually high source TTL; strongly source-heavy byte imbalance. Context: protocol=compaq-peer, service=-, state=int",byte_ratio_sd is higher than clustered baseline; state_int is higher than clustered baseline; service_- is higher than clustered baseline,compaq-peer,-,INT,1,Exploits,9e-06,2,0,200,0,111111.1072,254,0,1,1,4,0.0,0.0,0.0
317,0.0,"unusually high source TTL; strongly source-heavy byte imbalance. Context: protocol=encap, service=-, state=int",byte_ratio_sd is higher than clustered baseline; state_int is higher than clustered baseline; service_- is higher than clustered baseline,encap,-,INT,1,Fuzzers,5e-06,2,0,200,0,200000.0051,254,0,2,2,5,0.0,0.0,0.0
321,0.0,"unusually high source TTL; unusually high destination TTL; strongly source-heavy byte imbalance. Context: protocol=tcp, service=-, state=fin",smean is higher than clustered baseline; sloss is higher than clustered baseline; ackdat is higher than clustered baseline,tcp,-,FIN,0,Normal,1.540286,34,12,34210,526,29.215355,254,252,1,1,2,0.200749,0.095866,0.104883
330,0.0,"unusually high source TTL; strongly source-heavy byte imbalance. Context: protocol=vines, service=-, state=int",byte_ratio_sd is higher than clustered baseline; state_int is higher than clustered baseline; service_- is higher than clustered baseline,vines,-,INT,1,DoS,8e-06,2,0,200,0,125000.0003,254,0,2,2,4,0.0,0.0,0.0
331,0.0,"strongly source-heavy byte imbalance. Context: protocol=arp, service=-, state=int",sinpkt is higher than clustered baseline; sload is lower than clustered baseline; sttl is lower than clustered baseline,arp,-,INT,0,Normal,0.0,1,0,46,0,0.0,0,0,1,1,1,0.0,0.0,0.0
338,0.0,"unusually high source TTL; strongly source-heavy byte imbalance. Context: protocol=pvp, service=-, state=int",byte_ratio_sd is higher than clustered baseline; state_int is higher than clustered baseline; service_- is higher than clustered baseline,pvp,-,INT,1,DoS,9e-06,2,0,200,0,111111.1072,254,0,1,1,4,0.0,0.0,0.0
339,0.0,"strongly source-heavy byte imbalance. Context: protocol=udp, service=dhcp, state=int",sbytes_per_pkt is higher than clustered baseline; smean is higher than clustered baseline; byte_ratio_sd is higher than clustered baseline,udp,dhcp,INT,1,Exploits,5e-06,2,0,1152,0,200000.0051,62,0,4,4,4,0.0,0.0,0.0
340,0.0,"extremely high source-byte volume; unusually high source TTL; unusually high destination TTL; strongly source-heavy byte imbalance. Context: protocol=tcp, service=-, state=fin",smean is higher than clustered baseline; sloss is higher than clustered baseline; trans_depth is higher than clustered baseline,tcp,-,FIN,1,Fuzzers,1.029348,60,14,68185,612,70.918678,254,252,1,1,1,0.148203,0.079567,0.068636
343,0.0,"isolated anomaly outside dense traffic clusters; no single dominant behavioral feature. Context: protocol=tcp, service=http, state=fin",dur is higher than clustered baseline; sinpkt is higher than clustered baseline; dinpkt is higher than clustered baseline,tcp,http,FIN,0,Normal,19.551943,8,10,1052,824,0.869479,31,29,5,7,1,0.000736,0.000578,0.000158
352,0.0,"unusually high source TTL; strongly source-heavy byte imbalance. Context: protocol=ddx, service=-, state=int",byte_ratio_sd is higher than clustered baseline; state_int is higher than clustered baseline; service_- is higher than clustered baseline,ddx,-,INT,1,DoS,9e-06,2,0,200,0,111111.1072,254,0,1,1,4,0.0,0.0,0.0
362,0.0,"extremely high destination-byte volume; very high source packet count; very high destination packet count; strongly destination-heavy byte imbalance. Context: protocol=tcp, service=-, state=fin",dloss is higher than clustered baseline; dmean is higher than clustered baseline; spkts is higher than clustered baseline,tcp,-,FIN,0,Normal,2.441126,238,438,13662,548216,276.511729,31,29,2,6,7,0.000571,0.000457,0.000114
366,0.0,"unusually high source TTL; strongly source-heavy byte imbalance. Context: protocol=mux, service=-, state=int",pkt_ratio_sd is higher than clustered baseline; sinpkt is higher than clustered baseline; byte_ratio_sd is higher than clustered baseline,mux,-,INT,1,DoS,1.31504,4,0,400,0,2.281299,254,0,3,3,13,0.0,0.0,0.0
369,0.0,"unusually high destination TTL; strongly destination-heavy byte imbalance. Context: protocol=tcp, service=-, state=fin",dmean is higher than clustered baseline; dloss is higher than clustered baseline; stcpb is higher than clustered baseline,tcp,-,FIN,1,Exploits,0.912211,24,58,1290,58400,88.795246,62,252,1,1,1,0.059347,0.008499,0.050848
370,0.0,"extremely high destination-byte volume; very high source packet count; very high destination packet count; strongly destination-heavy byte imbalance. Context: protocol=tcp, service=-, state=fin",dloss is higher than clustered baseline; dmean is higher than clustered baseline; dur is higher than clustered baseline,tcp,-,FIN,0,Normal,4.440112,226,438,13038,548216,149.320554,31,29,2,5,2,0.000577,0.000456,0.000121
376,0.0,"unusually high source TTL; strongly source-heavy byte imbalance. Context: protocol=aris, service=-, state=int",byte_ratio_sd is higher than clustered baseline; state_int is higher than clustered baseline; service_- is higher than clustered baseline,aris,-,INT,1,Exploits,9e-06,2,0,200,0,111111.1072,254,0,2,2,13,0.0,0.0,0.0
377,0.0,"isolated anomaly outside dense traffic clusters; no single dominant behavioral feature. Context: protocol=tcp, service=ssh, state=fin",sloss is higher than clustered baseline; dloss is higher than clustered baseline; spkts is higher than clustered baseline,tcp,ssh,FIN,0,Normal,1.529989,108,114,9504,12298,144.445483,31,29,1,5,2,0.001223,0.001105,0.000118
385,0.0,"unusually high source TTL; strongly source-heavy packet imbalance; strongly source-heavy byte imbalance. Context: protocol=ospf, service=-, state=int",pkt_ratio_sd is higher than clustered baseline; byte_ratio_sd is higher than clustered baseline; dur is higher than clustered baseline,ospf,-,INT,1,Reconnaissance,3.231846,82,0,5248,0,25.063075,254,0,1,1,1,0.0,0.0,0.0
386,0.0,"unusually high source TTL; unusually high destination TTL. Context: protocol=tcp, service=-, state=fin",dur is higher than clustered baseline; sinpkt is higher than clustered baseline; dinpkt is higher than clustered baseline,tcp,-,FIN,1,Exploits,37.772816,20,20,1216,1292,1.032489,254,252,2,2,3,0.218944,0.108727,0.110217
401,0.0,"unusually high source TTL; strongly source-heavy byte imbalance. Context: protocol=cphb, service=-, state=int",byte_ratio_sd is higher than clustered baseline; state_int is higher than clustered baseline; service_- is higher than clustered baseline,cphb,-,INT,1,Exploits,1e-05,2,0,200,0,100000.0025,254,0,2,2,7,0.0,0.0,0.0
402,0.0,"unusually high source TTL; strongly source-heavy byte imbalance. Context: protocol=fire, service=-, state=int",byte_ratio_sd is higher than clustered baseline; state_int is higher than clustered baseline; service_- is higher than clustered baseline,fire,-,INT,1,DoS,3e-06,2,0,200,0,333333.3215,254,0,2,2,5,0.0,0.0,0.0
403,0.0,"unusually high source TTL; unusually high destination TTL; strongly destination-heavy byte imbalance. Context: protocol=tcp, service=http, state=fin",dmean is higher than clustered baseline; dloss is higher than clustered baseline; dur is higher than clustered baseline,tcp,http,FIN,1,Worms,3.56162,46,232,2356,308324,77.773597,254,252,1,1,1,0.174476,0.109683,0.064793
404,0.0,"unusually high source TTL; strongly source-heavy byte imbalance. Context: protocol=sctp, service=-, state=int",state_int is higher than clustered baseline; service_- is higher than clustered baseline; dbytes_per_pkt is lower than clustered baseline,sctp,-,INT,1,DoS,5e-06,2,0,78,0,200000.0051,254,0,1,1,1,0.0,0.0,0.0
405,0.0,"unusually high source TTL; strongly source-heavy byte imbalance. Context: protocol=wsn, service=-, state=int",byte_ratio_sd is higher than clustered baseline; state_int is higher than clustered baseline; service_- is higher than clustered baseline,wsn,-,INT,1,Exploits,3e-06,2,0,200,0,333333.3215,254,0,2,2,7,0.0,0.0,0.0
406,0.0,"unusually high destination TTL; strongly destination-heavy byte imbalance. Context: protocol=tcp, service=http, state=fin",dmean is higher than clustered baseline; dloss is higher than clustered baseline; trans_depth is higher than clustered baseline,tcp,http,FIN,1,DoS,1.831741,38,206,1990,264888,132.660678,62,252,2,2,2,0.072179,0.01675,0.055429
411,0.0,"unusually high source TTL; strongly source-heavy byte imbalance. Context: protocol=any, service=-, state=int",byte_ratio_sd is higher than clustered baseline; state_int is higher than clustered baseline; service_- is higher than clustered baseline,any,-,INT,1,Exploits,9e-06,2,0,200,0,111111.1072,254,0,2,2,4,0.0,0.0,0.0
421,0.0,"extremely high source-byte volume; unusually high source TTL; unusually high destination TTL; strongly source-heavy byte imbalance. Context: protocol=tcp, service=http, state=fin",smean is higher than clustered baseline; sloss is higher than clustered baseline; sbytes is higher than clustered baseline,tcp,http,FIN,1,Exploits,1.055042,84,20,105654,952,97.626443,254,252,1,2,1,0.138614,0.080292,0.058322
422,0.0,"unusually high source TTL; strongly source-heavy byte imbalance. Context: protocol=smp, service=-, state=int",byte_ratio_sd is higher than clustered baseline; state_int is higher than clustered baseline; service_- is higher than clustered baseline,smp,-,INT,1,Generic,9e-06,2,0,200,0,111111.1072,254,0,2,2,6,0.0,0.0,0.0
428,0.0,"unusually high source TTL; strongly source-heavy byte imbalance. Context: protocol=ospf, service=-, state=int",byte_ratio_sd is higher than clustered baseline; state_int is higher than clustered baseline; service_- is higher than clustered baseline,ospf,-,INT,1,Backdoor,9e-06,2,0,200,0,111111.1072,254,0,1,2,5,0.0,0.0,0.0
435,0.0,"isolated anomaly outside dense traffic clusters; no single dominant behavioral feature. Context: protocol=tcp, service=ssh, state=fin",stcpb is higher than clustered baseline; dtcpb is higher than clustered baseline; sloss is higher than clustered baseline,tcp,ssh,FIN,0,Normal,0.006057,32,24,3728,5474,9080.403158,31,29,1,2,1,0.000744,0.000617,0.000127
447,0.0,"strongly source-heavy byte imbalance. Context: protocol=arp, service=-, state=int",sinpkt is higher than clustered baseline; sload is lower than clustered baseline; sttl is lower than clustered baseline,arp,-,INT,0,Normal,0.0,1,0,46,0,0.0,0,0,2,2,2,0.0,0.0,0.0
462,0.0,"unusually high source TTL; strongly source-heavy byte imbalance. Context: protocol=xnet, service=-, state=int",state_int is higher than clustered baseline; service_- is higher than clustered baseline; byte_ratio_sd is higher than clustered baseline,xnet,-,INT,1,Exploits,3e-06,2,0,180,0,333333.3215,254,0,10,11,10,0.0,0.0,0.0
464,0.0,"unusually high source TTL; strongly source-heavy byte imbalance. Context: protocol=udp, service=-, state=int",smean is higher than clustered baseline; sbytes_per_pkt is higher than clustered baseline; byte_ratio_sd is higher than clustered baseline,udp,-,INT,1,Fuzzers,1.7e-05,3,0,3028,0,117647.0568,254,0,2,2,2,0.0,0.0,0.0
472,0.0,"unusually high source TTL; strongly source-heavy byte imbalance. Context: protocol=sat-mon, service=-, state=int",byte_ratio_sd is higher than clustered baseline; state_int is higher than clustered baseline; service_- is higher than clustered baseline,sat-mon,-,INT,1,DoS,8e-06,2,0,200,0,125000.0003,254,0,3,3,4,0.0,0.0,0.0
475,0.0,"unusually high source TTL; strongly source-heavy byte imbalance. Context: protocol=pri-enc, service=-, state=int",byte_ratio_sd is higher than clustered baseline; state_int is higher than clustered baseline; service_- is higher than clustered baseline,pri-enc,-,INT,1,DoS,9e-06,2,0,200,0,111111.1072,254,0,2,2,2,0.0,0.0,0.0
479,0.0,"unusually high source TTL; strongly source-heavy byte imbalance. Context: protocol=iso-tp4, service=-, state=int",byte_ratio_sd is higher than clustered baseline; state_int is higher than clustered baseline; service_- is higher than clustered baseline,iso-tp4,-,INT,1,Exploits,8e-06,2,0,200,0,125000.0003,254,0,2,2,13,0.0,0.0,0.0
489,0.0,"extremely high source-byte volume; unusually high source TTL; unusually high destination TTL; strongly source-heavy byte imbalance. Context: protocol=tcp, service=-, state=fin",smean is higher than clustered baseline; sloss is higher than clustered baseline; sbytes is higher than clustered baseline,tcp,-,FIN,1,Fuzzers,2.646183,68,16,81955,698,31.365933,254,252,1,1,2,0.208324,0.090956,0.117368
506,0.0,"unusually high source TTL; strongly source-heavy byte imbalance. Context: protocol=aris, service=-, state=int",byte_ratio_sd is higher than clustered baseline; state_int is higher than clustered baseline; service_- is higher than clustered baseline,aris,-,INT,1,Exploits,9e-06,2,0,200,0,111111.1072,254,0,2,2,4,0.0,0.0,0.0
507,0.0,"unusually high source TTL; strongly source-heavy byte imbalance. Context: protocol=tcf, service=-, state=int",byte_ratio_sd is higher than clustered baseline; state_int is higher than clustered baseline; service_- is higher than clustered baseline,tcf,-,INT,1,Reconnaissance,5e-06,2,0,200,0,200000.0051,254,0,4,4,7,0.0,0.0,0.0
510,0.0,"slow SYN-ACK timing. Context: protocol=tcp, service=-, state=fin",synack is higher than clustered baseline; dur is higher than clustered baseline; sinpkt is higher than clustered baseline,tcp,-,FIN,0,Normal,3.548108,16,18,1540,1644,9.300731,31,29,17,16,6,0.163016,0.161162,0.001854
511,0.0,"very high traffic rate; unusually high source TTL; strongly source-heavy byte imbalance. Context: protocol=vmtp, service=-, state=int",byte_ratio_sd is higher than clustered baseline; state_int is higher than clustered baseline; service_- is higher than clustered baseline,vmtp,-,INT,1,DoS,1e-06,2,0,200,0,1000000.003,254,0,2,2,4,0.0,0.0,0.0
512,0.0,"unusually high source TTL; strongly source-heavy byte imbalance. Context: protocol=ib, service=-, state=int",byte_ratio_sd is higher than clustered baseline; state_int is higher than clustered baseline; service_- is higher than clustered baseline,ib,-,INT,1,Fuzzers,9e-06,2,0,200,0,111111.1072,254,0,3,3,4,0.0,0.0,0.0
526,0.0,"unusually high source TTL. Context: protocol=sctp, service=-, state=con",state_con is higher than clustered baseline; sinpkt is higher than clustered baseline; service_- is higher than clustered baseline,sctp,-,CON,1,Backdoor,0.711892,4,2,504,368,7.023537,254,60,1,1,1,0.0,0.0,0.0
531,0.0,"strongly source-heavy byte imbalance. Context: protocol=arp, service=-, state=int",sinpkt is higher than clustered baseline; sload is lower than clustered baseline; sttl is lower than clustered baseline,arp,-,INT,0,Normal,0.0,1,0,46,0,0.0,0,0,2,2,2,0.0,0.0,0.0
538,0.0,"unusually long-lived connection; unusually high source TTL; unusually high destination TTL. Context: protocol=tcp, service=-, state=fin",dur is higher than clustered baseline; sinpkt is higher than clustered baseline; dinpkt is higher than clustered baseline,tcp,-,FIN,1,Fuzzers,40.118927,20,16,1512,708,0.872406,254,252,2,2,2,0.152733,0.083694,0.069039
547,0.0,"unusually long-lived connection; unusually high source TTL; unusually high destination TTL. Context: protocol=tcp, service=-, state=fin",dur is higher than clustered baseline; dinpkt is higher than clustered baseline; sinpkt is higher than clustered baseline,tcp,-,FIN,1,Fuzzers,41.667175,22,16,5628,708,0.887989,254,252,4,4,6,0.145767,0.05725,0.088517
548,0.0,"unusually high source TTL; strongly source-heavy byte imbalance. Context: protocol=ipv6-opts, service=-, state=int",byte_ratio_sd is higher than clustered baseline; state_int is higher than clustered baseline; service_- is higher than clustered baseline,ipv6-opts,-,INT,1,Exploits,9e-06,2,0,200,0,111111.1072,254,0,1,1,6,0.0,0.0,0.0
562,0.0,"unusually high source TTL. Context: protocol=sctp, service=-, state=con",state_con is higher than clustered baseline; service_- is higher than clustered baseline; sinpkt is higher than clustered baseline,sctp,-,CON,1,Exploits,0.206581,4,2,528,392,24.203582,254,60,1,1,1,0.0,0.0,0.0
572,0.0,"unusually high source TTL; strongly source-heavy byte imbalance. Context: protocol=sep, service=-, state=int",byte_ratio_sd is higher than clustered baseline; state_int is higher than clustered baseline; service_- is higher than clustered baseline,sep,-,INT,1,Analysis,9e-06,2,0,200,0,111111.1072,254,0,1,1,4,0.0,0.0,0.0
573,0.0,"isolated anomaly outside dense traffic clusters; no single dominant behavioral feature. Context: protocol=tcp, service=ssh, state=fin",sloss is higher than clustered baseline; dloss is higher than clustered baseline; spkts is higher than clustered baseline,tcp,ssh,FIN,0,Normal,1.48972,70,66,12472,13028,90.621057,31,29,1,4,1,0.000894,0.000525,0.000369
577,0.0,"unusually high source TTL; strongly source-heavy byte imbalance. Context: protocol=qnx, service=-, state=int",byte_ratio_sd is higher than clustered baseline; state_int is higher than clustered baseline; service_- is higher than clustered baseline,qnx,-,INT,1,DoS,4e-06,2,0,200,0,250000.0006,254,0,2,2,4,0.0,0.0,0.0
579,0.0,"unusually high source TTL; strongly source-heavy byte imbalance. Context: protocol=rsvp, service=-, state=int",byte_ratio_sd is higher than clustered baseline; state_int is higher than clustered baseline; service_- is higher than clustered baseline,rsvp,-,INT,1,Exploits,9e-06,2,0,200,0,111111.1072,254,0,4,4,15,0.0,0.0,0.0
588,0.0,"unusually high source TTL; strongly source-heavy byte imbalance. Context: protocol=tcp, service=-, state=req",ct_state_ttl is higher than clustered baseline; service_- is higher than clustered baseline; proto_tcp is higher than clustered baseline,tcp,-,REQ,0,Normal,8e-06,2,0,90,0,125000.0003,254,0,1,8,12,0.0,0.0,0.0
596,0.0,"strongly source-heavy byte imbalance. Context: protocol=arp, service=-, state=int",sinpkt is higher than clustered baseline; sload is lower than clustered baseline; sttl is lower than clustered baseline,arp,-,INT,0,Normal,0.0,1,0,46,0,0.0,0,0,2,2,2,0.0,0.0,0.0
598,0.0,"unusually high source TTL; strongly source-heavy byte imbalance. Context: protocol=eigrp, service=-, state=int",byte_ratio_sd is higher than clustered baseline; state_int is higher than clustered baseline; service_- is higher than clustered baseline,eigrp,-,INT,1,DoS,3e-06,2,0,200,0,333333.3215,254,0,3,3,5,0.0,0.0,0.0
600,0.0,"extremely high destination-byte volume; very high source packet count; very high destination packet count; strongly destination-heavy byte imbalance. Context: protocol=tcp, service=http, state=fin",response_body_len is higher than clustered baseline; dmean is higher than clustered baseline; dloss is higher than clustered baseline,tcp,http,FIN,0,Normal,2.368016,330,746,17642,1087890,453.966526,31,29,1,5,3,0.000639,0.000514,0.000125
605,0.0,"unusually high source TTL; strongly source-heavy byte imbalance. Context: protocol=pgm, service=-, state=int",byte_ratio_sd is higher than clustered baseline; state_int is higher than clustered baseline; service_- is higher than clustered baseline,pgm,-,INT,1,Exploits,4e-06,2,0,200,0,250000.0006,254,0,2,2,3,0.0,0.0,0.0
609,0.0,"unusually high source TTL; strongly source-heavy byte imbalance. Context: protocol=bbn-rcc, service=-, state=int",state_int is higher than clustered baseline; service_- is higher than clustered baseline; byte_ratio_sd is higher than clustered baseline,bbn-rcc,-,INT,1,DoS,3e-06,2,0,180,0,333333.3215,254,0,9,9,10,0.0,0.0,0.0
611,0.0,"strongly source-heavy byte imbalance. Context: protocol=arp, service=-, state=int",sload is lower than clustered baseline; sttl is lower than clustered baseline; rate is lower than clustered baseline,arp,-,INT,0,Normal,0.0,1,0,46,0,0.0,0,0,2,2,2,0.0,0.0,0.0
617,0.0,"unusually high source TTL; strongly source-heavy byte imbalance. Context: protocol=scps, service=-, state=int",byte_ratio_sd is higher than clustered baseline; state_int is higher than clustered baseline; service_- is higher than clustered baseline,scps,-,INT,1,DoS,9e-06,2,0,200,0,111111.1072,254,0,2,2,4,0.0,0.0,0.0
621,0.0,"unusually high destination TTL; strongly source-heavy byte imbalance. Context: protocol=tcp, service=-, state=con",state_con is higher than clustered baseline; dtcpb is higher than clustered baseline; dttl is higher than clustered baseline,tcp,-,CON,0,Normal,0.230325,6,2,986,86,30.391838,62,252,2,2,5,0.113796,0.074654,0.039142
626,0.0,"extremely high destination-byte volume; very high source packet count; very high destination packet count; strongly destination-heavy byte imbalance. Context: protocol=tcp, service=-, state=fin",dur is higher than clustered baseline; dloss is higher than clustered baseline; dmean is higher than clustered baseline,tcp,-,FIN,0,Normal,6.675204,236,438,13558,548216,100.820892,31,29,1,3,3,0.000608,0.000497,0.000111
628,0.0,"unusually high source TTL; strongly source-heavy byte imbalance. Context: protocol=ipnip, service=-, state=int",state_int is higher than clustered baseline; service_- is higher than clustered baseline; byte_ratio_sd is higher than clustered baseline,ipnip,-,INT,1,Analysis,9e-06,2,0,180,0,111111.1072,254,0,4,3,3,0.0,0.0,0.0
631,0.0,"unusually high source TTL; strongly source-heavy byte imbalance. Context: protocol=sctp, service=-, state=int",sbytes_per_pkt is higher than clustered baseline; smean is higher than clustered baseline; byte_ratio_sd is higher than clustered baseline,sctp,-,INT,1,Exploits,7e-06,2,0,1080,0,142857.1409,254,0,1,1,3,0.0,0.0,0.0
635,0.0,"unusually high source TTL; strongly source-heavy byte imbalance. Context: protocol=udp, service=-, state=int",smean is higher than clustered baseline; sbytes_per_pkt is higher than clustered baseline; byte_ratio_sd is higher than clustered baseline,udp,-,INT,0,Normal,5e-06,2,0,2094,0,200000.0051,254,0,3,3,8,0.0,0.0,0.0
636,0.0,"strongly source-heavy byte imbalance. Context: protocol=arp, service=-, state=int",sinpkt is higher than clustered baseline; sload is lower than clustered baseline; sttl is lower than clustered baseline,arp,-,INT,0,Normal,0.0,1,0,46,0,0.0,0,0,2,2,2,0.0,0.0,0.0
638,0.0,"unusually long-lived connection; unusually high source TTL; unusually high destination TTL. Context: protocol=tcp, service=-, state=fin",dur is higher than clustered baseline; dinpkt is higher than clustered baseline; sinpkt is higher than clustered baseline,tcp,-,FIN,1,Fuzzers,46.446964,20,14,1100,622,0.710488,254,252,2,2,3,0.181679,0.078825,0.102854
644,0.0,"unusually high source TTL; unusually high destination TTL; abnormally high TCP round-trip timing; slow ACK/data timing; strongly source-heavy byte imbalance. Context: protocol=tcp, service=-, state=fin",ackdat is higher than clustered baseline; tcprtt is higher than clustered baseline; smean is higher than clustered baseline,tcp,-,FIN,1,Fuzzers,1.312207,22,12,17758,926,25.148472,254,252,1,1,2,0.344195,0.139437,0.204758
647,0.0,"unusually high source TTL; strongly source-heavy byte imbalance. Context: protocol=ggp, service=-, state=int",state_int is higher than clustered baseline; service_- is higher than clustered baseline; byte_ratio_sd is higher than clustered baseline,ggp,-,INT,1,Exploits,3e-06,2,0,180,0,333333.3215,254,0,4,3,3,0.0,0.0,0.0
650,0.0,"isolated anomaly outside dense traffic clusters; no single dominant behavioral feature. Context: protocol=tcp, service=ssh, state=fin",sloss is higher than clustered baseline; sttl is lower than clustered baseline; dtcpb is higher than clustered baseline,tcp,ssh,FIN,0,Normal,0.080797,32,24,3728,5474,680.718329,31,29,1,6,2,0.000696,0.000582,0.000114
654,0.0,"unusually high destination TTL; strongly destination-heavy byte imbalance. Context: protocol=tcp, service=dns, state=fin",djit is higher than clustered baseline; dmean is higher than clustered baseline; service_dns is higher than clustered baseline,tcp,dns,FIN,1,DoS,0.42307,10,12,522,7952,49.637174,62,252,1,1,2,0.053002,0.017974,0.035028
672,0.0,"unusually high source TTL; strongly source-heavy byte imbalance. Context: protocol=crtp, service=-, state=int",byte_ratio_sd is higher than clustered baseline; state_int is higher than clustered baseline; service_- is higher than clustered baseline,crtp,-,INT,1,Exploits,8e-06,2,0,200,0,125000.0003,254,0,1,2,5,0.0,0.0,0.0
677,0.0,"unusually high source TTL; strongly source-heavy packet imbalance; strongly source-heavy byte imbalance. Context: protocol=ospf, service=-, state=int",pkt_ratio_sd is higher than clustered baseline; dur is higher than clustered baseline; byte_ratio_sd is higher than clustered baseline,ospf,-,INT,1,Exploits,5.052801,42,0,2688,0,8.114311,254,0,1,1,1,0.0,0.0,0.0
686,0.0,"unusually high source TTL; strongly source-heavy byte imbalance. Context: protocol=udp, service=-, state=int",smean is higher than clustered baseline; sbytes_per_pkt is higher than clustered baseline; byte_ratio_sd is higher than clustered baseline,udp,-,INT,1,Fuzzers,8e-06,2,0,2962,0,125000.0003,254,0,1,1,1,0.0,0.0,0.0
692,0.0,"unusually high destination TTL; strongly destination-heavy byte imbalance. Context: protocol=tcp, service=-, state=fin",dmean is higher than clustered baseline; dloss is higher than clustered baseline; dtcpb is higher than clustered baseline,tcp,-,FIN,1,Exploits,1.207053,30,100,1510,112222,106.871865,62,252,1,1,1,0.072912,0.023065,0.049847
696,0.0,"unusually high source TTL; strongly source-heavy byte imbalance. Context: protocol=ipv6, service=-, state=int",byte_ratio_sd is higher than clustered baseline; state_int is higher than clustered baseline; service_- is higher than clustered baseline,ipv6,-,INT,1,Exploits,9e-06,2,0,200,0,111111.1072,254,0,2,2,5,0.0,0.0,0.0
700,0.0,"unusually high source TTL; strongly source-heavy byte imbalance. Context: protocol=cftp, service=-, state=int",byte_ratio_sd is higher than clustered baseline; state_int is higher than clustered baseline; service_- is higher than clustered baseline,cftp,-,INT,1,Exploits,8e-06,2,0,200,0,125000.0003,254,0,1,1,4,0.0,0.0,0.0
708,0.0,"unusually high source TTL; strongly source-heavy byte imbalance. Context: protocol=l2tp, service=-, state=int",byte_ratio_sd is higher than clustered baseline; state_int is higher than clustered baseline; service_- is higher than clustered baseline,l2tp,-,INT,1,Exploits,9e-06,2,0,200,0,111111.1072,254,0,2,2,3,0.0,0.0,0.0
718,0.0,"unusually high source TTL; strongly source-heavy packet imbalance; strongly source-heavy byte imbalance. Context: protocol=ospf, service=-, state=req",pkt_ratio_sd is higher than clustered baseline; dur is higher than clustered baseline; byte_ratio_sd is higher than clustered baseline,ospf,-,REQ,1,DoS,7.768967,20,0,5440,0,2.445628,254,0,1,1,4,0.0,0.0,0.0
720,0.0,"unusually high source TTL; strongly source-heavy byte imbalance. Context: protocol=mux, service=-, state=int",pkt_ratio_sd is higher than clustered baseline; sinpkt is higher than clustered baseline; byte_ratio_sd is higher than clustered baseline,mux,-,INT,1,DoS,1.512225,4,0,400,0,1.983832,254,0,1,1,6,0.0,0.0,0.0
734,0.0,"unusually high source TTL; strongly source-heavy byte imbalance. Context: protocol=narp, service=-, state=int",byte_ratio_sd is higher than clustered baseline; state_int is higher than clustered baseline; service_- is higher than clustered baseline,narp,-,INT,1,Exploits,8e-06,2,0,200,0,125000.0003,254,0,3,3,6,0.0,0.0,0.0
735,0.0,"unusually long-lived connection; unusually high source TTL; unusually high destination TTL. Context: protocol=tcp, service=-, state=fin",dur is higher than clustered baseline; dinpkt is higher than clustered baseline; sinpkt is higher than clustered baseline,tcp,-,FIN,1,Fuzzers,49.050133,20,12,1190,536,0.632006,254,252,4,4,12,0.175526,0.07771,0.097816
737,0.0,"isolated anomaly outside dense traffic clusters; no single dominant behavioral feature. Context: protocol=tcp, service=ssh, state=fin",sloss is higher than clustered baseline; dloss is higher than clustered baseline; spkts is higher than clustered baseline,tcp,ssh,FIN,0,Normal,1.207684,70,62,12472,12820,108.47208,31,29,1,6,2,0.001127,0.000946,0.000181
739,0.0,"unusually high source TTL. Context: protocol=sctp, service=-, state=con",state_con is higher than clustered baseline; service_- is higher than clustered baseline; sinpkt is higher than clustered baseline,sctp,-,CON,1,Reconnaissance,0.087682,4,2,536,440,57.024246,254,60,1,1,1,0.0,0.0,0.0
743,0.0,"extremely high destination-byte volume; very high destination packet count; unusually high destination TTL; strongly destination-heavy byte imbalance. Context: protocol=tcp, service=http, state=fin",dur is higher than clustered baseline; response_body_len is higher than clustered baseline; dloss is higher than clustered baseline,tcp,http,FIN,1,Exploits,13.086604,96,564,4514,745149,50.356838,62,252,1,2,4,0.194308,0.090932,0.103376
746,0.0,"unusually high destination TTL; strongly destination-heavy byte imbalance. Context: protocol=tcp, service=-, state=fin",dmean is higher than clustered baseline; dloss is higher than clustered baseline; djit is higher than clustered baseline,tcp,-,FIN,1,Exploits,2.003936,24,62,1262,63966,42.416523,62,252,1,1,1,0.161843,0.074421,0.087422
747,0.0,"unusually high source TTL; strongly source-heavy byte imbalance. Context: protocol=sep, service=-, state=int",state_int is higher than clustered baseline; service_- is higher than clustered baseline; dbytes_per_pkt is lower than clustered baseline,sep,-,INT,1,Exploits,8e-06,2,0,104,0,125000.0003,254,0,1,1,1,0.0,0.0,0.0
749,0.0,"unusually high source TTL; strongly source-heavy byte imbalance. Context: protocol=mhrp, service=-, state=int",byte_ratio_sd is higher than clustered baseline; state_int is higher than clustered baseline; service_- is higher than clustered baseline,mhrp,-,INT,1,Reconnaissance,8e-06,2,0,200,0,125000.0003,254,0,1,1,4,0.0,0.0,0.0
752,0.0,"unusually high source TTL; strongly source-heavy byte imbalance. Context: protocol=iatp, service=-, state=int",byte_ratio_sd is higher than clustered baseline; state_int is higher than clustered baseline; service_- is higher than clustered baseline,iatp,-,INT,1,Exploits,7e-06,2,0,200,0,142857.1409,254,0,4,5,8,0.0,0.0,0.0
753,0.0,"unusually high source TTL; strongly source-heavy byte imbalance. Context: protocol=br-sat-mon, service=-, state=int",byte_ratio_sd is higher than clustered baseline; state_int is higher than clustered baseline; service_- is higher than clustered baseline,br-sat-mon,-,INT,1,Exploits,5e-06,2,0,200,0,200000.0051,254,0,2,2,7,0.0,0.0,0.0
763,0.0,"unusually high source TTL; unusually high destination TTL. Context: protocol=tcp, service=-, state=con",state_con is higher than clustered baseline; dtcpb is higher than clustered baseline; dinpkt is higher than clustered baseline,tcp,-,CON,1,Reconnaissance,0.557846,6,4,392,182,16.133485,254,252,1,1,1,0.12498,0.056387,0.068593
766,0.0,"unusually high source TTL; strongly source-heavy byte imbalance. Context: protocol=chaos, service=-, state=int",byte_ratio_sd is higher than clustered baseline; state_int is higher than clustered baseline; service_- is higher than clustered baseline,chaos,-,INT,1,Analysis,9e-06,2,0,200,0,111111.1072,254,0,1,1,10,0.0,0.0,0.0
770,0.0,"strongly source-heavy byte imbalance. Context: protocol=mobile, service=-, state=int",sload is lower than clustered baseline; sttl is lower than clustered baseline; rate is lower than clustered baseline,mobile,-,INT,1,Exploits,1.4e-05,1,0,60,0,0.0,0,0,3,3,4,0.0,0.0,0.0
781,0.0,"unusually high source TTL; strongly source-heavy byte imbalance. Context: protocol=sep, service=-, state=int",byte_ratio_sd is higher than clustered baseline; state_int is higher than clustered baseline; service_- is higher than clustered baseline,sep,-,INT,1,Exploits,3e-06,2,0,200,0,333333.3215,254,0,1,1,7,0.0,0.0,0.0
785,0.0,"unusually high source TTL; strongly source-heavy byte imbalance. Context: protocol=udp, service=-, state=int",pkt_ratio_sd is higher than clustered baseline; state_int is higher than clustered baseline; proto_udp is higher than clustered baseline,udp,-,INT,0,Normal,0.205106,4,0,178,0,14.626583,254,0,1,1,1,0.0,0.0,0.0
787,0.0,"unusually long-lived connection; unusually high source TTL; unusually high destination TTL; strongly source-heavy byte imbalance. Context: protocol=tcp, service=-, state=fin",dur is higher than clustered baseline; dinpkt is higher than clustered baseline; sinpkt is higher than clustered baseline,tcp,-,FIN,1,Fuzzers,59.906666,18,8,9046,364,0.417316,254,252,3,3,4,0.237948,0.147488,0.09046
794,0.0,"unusually high source TTL; strongly source-heavy byte imbalance. Context: protocol=cbt, service=-, state=int",pkt_ratio_sd is higher than clustered baseline; sinpkt is higher than clustered baseline; byte_ratio_sd is higher than clustered baseline,cbt,-,INT,1,Exploits,1.051516,4,0,360,0,2.853023,254,0,9,9,10,0.0,0.0,0.0
797,0.0,"unusually high source TTL; strongly source-heavy byte imbalance. Context: protocol=scps, service=-, state=int",byte_ratio_sd is higher than clustered baseline; state_int is higher than clustered baseline; service_- is higher than clustered baseline,scps,-,INT,1,Exploits,3e-06,2,0,200,0,333333.3215,254,0,2,2,13,0.0,0.0,0.0
801,0.0,"unusually high source TTL; strongly source-heavy byte imbalance. Context: protocol=igp, service=-, state=int",state_int is higher than clustered baseline; service_- is higher than clustered baseline; byte_ratio_sd is higher than clustered baseline,igp,-,INT,1,Exploits,4e-06,2,0,180,0,250000.0006,254,0,7,7,7,0.0,0.0,0.0
802,0.0,"unusually high source TTL; strongly source-heavy byte imbalance. Context: protocol=idrp, service=-, state=int",byte_ratio_sd is higher than clustered baseline; state_int is higher than clustered baseline; service_- is higher than clustered baseline,idrp,-,INT,1,Backdoor,5e-06,2,0,200,0,200000.0051,254,0,2,2,4,0.0,0.0,0.0
815,0.0,"unusually high destination TTL; strongly destination-heavy byte imbalance. Context: protocol=tcp, service=-, state=fin",dmean is higher than clustered baseline; djit is higher than clustered baseline; dloss is higher than clustered baseline,tcp,-,FIN,1,Exploits,2.416067,20,38,1110,31036,23.592062,62,252,1,1,1,0.123619,0.070048,0.053571
819,0.0,"unusually high source TTL; unusually high destination TTL. Context: protocol=tcp, service=http, state=fin",service_http is higher than clustered baseline; sjit is higher than clustered baseline; dttl is higher than clustered baseline,tcp,http,FIN,1,Fuzzers,0.429833,10,8,508,354,39.550244,254,252,3,3,10,0.108558,0.059506,0.049052
832,0.0,"unusually high source TTL; strongly source-heavy byte imbalance. Context: protocol=udp, service=snmp, state=int",state_int is higher than clustered baseline; proto_udp is higher than clustered baseline; byte_ratio_sd is higher than clustered baseline,udp,snmp,INT,1,DoS,3e-06,2,0,136,0,333333.3215,254,0,1,18,1,0.0,0.0,0.0
833,0.0,"unusually high source TTL; strongly source-heavy byte imbalance. Context: protocol=tcp, service=-, state=req",ct_state_ttl is higher than clustered baseline; service_- is higher than clustered baseline; proto_tcp is higher than clustered baseline,tcp,-,REQ,0,Normal,8e-06,2,0,90,0,125000.0003,254,0,1,4,10,0.0,0.0,0.0
863,0.0,"unusually long-lived connection; unusually high source TTL; strongly source-heavy packet imbalance; strongly source-heavy byte imbalance. Context: protocol=udp, service=dns, state=req",dur is higher than clustered baseline; pkt_ratio_sd is higher than clustered baseline; byte_ratio_sd is higher than clustered baseline,udp,dns,REQ,1,Fuzzers,58.85445,42,0,9660,0,0.696634,254,0,8,8,8,0.0,0.0,0.0
865,0.0,"unusually high source TTL; strongly source-heavy byte imbalance. Context: protocol=udp, service=-, state=req",sinpkt is higher than clustered baseline; smean is higher than clustered baseline; sbytes_per_pkt is higher than clustered baseline,udp,-,REQ,1,Fuzzers,4e-06,2,0,1788,0,250000.0006,254,0,2,2,3,0.0,0.0,0.0
874,0.0,"unusually high source TTL; strongly source-heavy byte imbalance. Context: protocol=sctp, service=-, state=int",byte_ratio_sd is higher than clustered baseline; state_int is higher than clustered baseline; service_- is higher than clustered baseline,sctp,-,INT,1,DoS,4e-06,2,0,200,0,250000.0006,254,0,4,5,17,0.0,0.0,0.0
876,0.0,"isolated anomaly outside dense traffic clusters; no single dominant behavioral feature. Context: protocol=tcp, service=ssh, state=fin",sloss is higher than clustered baseline; sttl is lower than clustered baseline; dloss is higher than clustered baseline,tcp,ssh,FIN,0,Normal,0.249697,32,24,3728,5474,220.266964,31,29,1,1,5,0.000748,0.000603,0.000145
890,0.0,"unusually high source TTL; strongly source-heavy byte imbalance. Context: protocol=swipe, service=-, state=int",byte_ratio_sd is higher than clustered baseline; state_int is higher than clustered baseline; service_- is higher than clustered baseline,swipe,-,INT,1,Exploits,3e-06,2,0,200,0,333333.3215,254,0,2,5,15,0.0,0.0,0.0
891,0.0,"unusually high source TTL; strongly source-heavy byte imbalance. Context: protocol=vmtp, service=-, state=int",byte_ratio_sd is higher than clustered baseline; state_int is higher than clustered baseline; service_- is higher than clustered baseline,vmtp,-,INT,1,Backdoor,8e-06,2,0,200,0,125000.0003,254,0,1,2,4,0.0,0.0,0.0
893,0.0,"strongly source-heavy byte imbalance. Context: protocol=arp, service=-, state=int",sinpkt is higher than clustered baseline; sload is lower than clustered baseline; sttl is lower than clustered baseline,arp,-,INT,0,Normal,0.0,1,0,46,0,0.0,0,0,1,1,1,0.0,0.0,0.0
898,0.0,"unusually high source TTL; strongly source-heavy byte imbalance. Context: protocol=uti, service=-, state=int",byte_ratio_sd is higher than clustered baseline; state_int is higher than clustered baseline; service_- is higher than clustered baseline,uti,-,INT,1,Exploits,6e-06,2,0,200,0,166666.6608,254,0,1,1,2,0.0,0.0,0.0
907,0.0,"unusually high source TTL; strongly source-heavy byte imbalance. Context: protocol=udp, service=-, state=int",smean is higher than clustered baseline; sbytes_per_pkt is higher than clustered baseline; byte_ratio_sd is higher than clustered baseline,udp,-,INT,1,Fuzzers,4e-06,2,0,2960,0,250000.0006,254,0,1,1,3,0.0,0.0,0.0
908,0.0,"extremely high destination-byte volume; very high destination packet count; unusually high destination TTL; strongly destination-heavy byte imbalance. Context: protocol=tcp, service=http, state=fin",dmean is higher than clustered baseline; dloss is higher than clustered baseline; service_http is higher than clustered baseline,tcp,http,FIN,1,Exploits,1.817518,44,250,2258,318427,161.208858,62,252,1,1,1,0.116902,0.052205,0.064697
910,0.0,"unusually high source TTL; strongly source-heavy packet imbalance; strongly source-heavy byte imbalance. Context: protocol=ospf, service=-, state=int",dur is higher than clustered baseline; pkt_ratio_sd is higher than clustered baseline; byte_ratio_sd is higher than clustered baseline,ospf,-,INT,1,DoS,13.790198,28,0,12832,0,1.957912,254,0,1,1,1,0.0,0.0,0.0
912,0.0,"isolated anomaly outside dense traffic clusters; no single dominant behavioral feature. Context: protocol=tcp, service=ssh, state=fin",sloss is higher than clustered baseline; dloss is higher than clustered baseline; spkts is higher than clustered baseline,tcp,ssh,FIN,0,Normal,0.018331,106,114,9400,12298,11946.97469,31,29,1,2,2,0.000734,0.000588,0.000146
915,0.0,"extremely high source-byte volume; unusually high source TTL; unusually high destination TTL; strongly source-heavy byte imbalance. Context: protocol=tcp, service=http, state=fin",smean is higher than clustered baseline; ackdat is higher than clustered baseline; sloss is higher than clustered baseline,tcp,http,FIN,0,Normal,1.501572,60,16,68195,698,49.947654,254,252,1,1,2,0.201299,0.071565,0.129734
923,0.0,"unusually high destination TTL; abnormally high TCP round-trip timing; slow ACK/data timing. Context: protocol=tcp, service=http, state=fin",ackdat is higher than clustered baseline; tcprtt is higher than clustered baseline; synack is higher than clustered baseline,tcp,http,FIN,1,Analysis,1.386803,10,10,830,1428,13.700576,62,252,1,2,1,0.343214,0.152244,0.19097
932,0.0,"unusually high destination TTL; strongly destination-heavy byte imbalance. Context: protocol=tcp, service=pop3, state=fin",dmean is higher than clustered baseline; dloss is higher than clustered baseline; stcpb is higher than clustered baseline,tcp,pop3,FIN,1,Exploits,1.989211,30,94,1384,99280,61.833562,62,252,1,1,1,0.116226,0.053863,0.062363
933,0.0,"unusually high source TTL; unusually high destination TTL; strongly source-heavy byte imbalance. Context: protocol=tcp, service=-, state=fin",smean is higher than clustered baseline; sloss is higher than clustered baseline; ackdat is higher than clustered baseline,tcp,-,FIN,0,Normal,1.200278,60,14,68023,612,60.819241,254,252,1,1,4,0.18566,0.067745,0.117915
935,0.0,"isolated anomaly outside dense traffic clusters; no single dominant behavioral feature. Context: protocol=tcp, service=ssh, state=fin",sloss is higher than clustered baseline; sttl is lower than clustered baseline; dloss is higher than clustered baseline,tcp,ssh,FIN,0,Normal,0.0069,32,24,3728,5474,7971.014585,31,29,1,2,1,0.000703,0.000591,0.000112
941,0.0,"unusually high source TTL; strongly source-heavy byte imbalance. Context: protocol=iatp, service=-, state=int",byte_ratio_sd is higher than clustered baseline; state_int is higher than clustered baseline; service_- is higher than clustered baseline,iatp,-,INT,1,DoS,8e-06,2,0,200,0,125000.0003,254,0,1,1,4,0.0,0.0,0.0
943,0.0,"unusually high source TTL; strongly source-heavy byte imbalance. Context: protocol=chaos, service=-, state=int",byte_ratio_sd is higher than clustered baseline; state_int is higher than clustered baseline; service_- is higher than clustered baseline,chaos,-,INT,1,DoS,8e-06,2,0,200,0,125000.0003,254,0,1,1,3,0.0,0.0,0.0
952,0.0,"unusually high source TTL; strongly source-heavy byte imbalance. Context: protocol=rdp, service=-, state=int",byte_ratio_sd is higher than clustered baseline; state_int is higher than clustered baseline; service_- is higher than clustered baseline,rdp,-,INT,1,Fuzzers,9e-06,2,0,200,0,111111.1072,254,0,1,1,7,0.0,0.0,0.0
957,0.0,"unusually long-lived connection; unusually high source TTL; strongly source-heavy packet imbalance; strongly source-heavy byte imbalance. Context: protocol=ospf, service=-, state=int",dur is higher than clustered baseline; pkt_ratio_sd is higher than clustered baseline; byte_ratio_sd is higher than clustered baseline,ospf,-,INT,1,Exploits,56.709965,66,0,7128,0,1.146183,254,0,1,1,1,0.0,0.0,0.0
959,0.0,"unusually high source TTL; strongly source-heavy byte imbalance. Context: protocol=tcp, service=-, state=req",ct_state_ttl is higher than clustered baseline; service_- is higher than clustered baseline; proto_tcp is higher than clustered baseline,tcp,-,REQ,0,Normal,8e-06,2,0,90,0,125000.0003,254,0,1,7,15,0.0,0.0,0.0
968,0.0,"extremely high destination-byte volume; very high source packet count; very high destination packet count; strongly destination-heavy byte imbalance. Context: protocol=tcp, service=-, state=fin",dur is higher than clustered baseline; dloss is higher than clustered baseline; dmean is higher than clustered baseline,tcp,-,FIN,0,Normal,7.424627,446,858,25056,1094788,175.497036,31,29,2,3,6,0.000601,0.000489,0.000112
981,0.0,"unusually high source TTL; strongly source-heavy byte imbalance. Context: protocol=ipcomp, service=-, state=int",byte_ratio_sd is higher than clustered baseline; state_int is higher than clustered baseline; service_- is higher than clustered baseline,ipcomp,-,INT,1,Exploits,3e-06,2,0,200,0,333333.3215,254,0,1,1,3,0.0,0.0,0.0
986,0.0,"unusually high destination TTL; strongly destination-heavy byte imbalance. Context: protocol=tcp, service=pop3, state=fin",dmean is higher than clustered baseline; dloss is higher than clustered baseline; dtcpb is higher than clustered baseline,tcp,pop3,FIN,1,Exploits,2.442916,26,66,1220,65354,37.250566,62,252,1,1,1,0.105826,0.076183,0.029643
993,0.0,"unusually high source TTL; strongly source-heavy byte imbalance. Context: protocol=xns-idp, service=-, state=int",byte_ratio_sd is higher than clustered baseline; state_int is higher than clustered baseline; service_- is higher than clustered baseline,xns-idp,-,INT,1,DoS,9e-06,2,0,200,0,111111.1072,254,0,2,2,6,0.0,0.0,0.0
994,0.0,"isolated anomaly outside dense traffic clusters; no single dominant behavioral feature. Context: protocol=tcp, service=ssh, state=fin",dtcpb is higher than clustered baseline; sloss is higher than clustered baseline; sttl is lower than clustered baseline,tcp,ssh,FIN,0,Normal,0.006957,32,24,3728,5474,7905.706345,31,29,1,5,2,0.000794,0.000638,0.000156
997,0.0,"unusually high source TTL; strongly source-heavy byte imbalance. Context: protocol=udp, service=-, state=int",smean is higher than clustered baseline; sbytes_per_pkt is higher than clustered baseline; byte_ratio_sd is higher than clustered baseline,udp,-,INT,1,Fuzzers,3e-06,2,0,2130,0,333333.3215,254,0,1,1,1,0.0,0.0,0.0
999,0.0,"isolated anomaly outside dense traffic clusters; no single dominant behavioral feature. Context: protocol=tcp, service=ssh, state=fin",stcpb is higher than clustered baseline; sloss is higher than clustered baseline; sttl is lower than clustered baseline,tcp,ssh,FIN,0,Normal,0.26037,32,24,3728,5474,211.237865,31,29,1,2,1,0.000718,0.000599,0.000119
